{
  "schema_version": "1.0",
  "sample": {
    "valid_answer_count": 10,
    "valid_question_ids": [
      "q-001",
      "q-002",
      "q-003",
      "q-004",
      "q-005",
      "q-006",
      "q-007",
      "q-008",
      "q-009",
      "q-010"
    ],
    "question_count": 10,
    "recommendation_question_count": 5,
    "claim_count": 4,
    "verifiable_claim_count": 3
  },
  "mention_rate": {
    "numerator": 4,
    "denominator": 10,
    "rate": 0.4,
    "sample_size": 10,
    "wilson_ci_95": {
      "low": 0.16817758120350967,
      "high": 0.6873304525498135,
      "level": 0.95
    }
  },
  "recommendation_rate": {
    "numerator": 3,
    "denominator": 5,
    "rate": 0.6,
    "sample_size": 5,
    "wilson_ci_95": {
      "low": 0.23071993220883708,
      "high": 0.8823817688407467,
      "level": 0.95
    }
  },
  "visibility_score": {
    "score": 21.36184210526316,
    "raw_score": 21.36184210526316,
    "numerator": 1.6235000000000002,
    "denominator": 7.6000000000000005,
    "negative_recommendation_count": 0
  },
  "recommendation_sov": {
    "rate": 0.19068736141906878,
    "brand_positive_score": 1.5910000000000002,
    "competitor_positive_scores": {
      "竞争品牌A": 4.18,
      "竞争品牌B": 2.5725000000000002
    },
    "denominator": 8.343499999999999
  },
  "owned_citation_rate": {
    "numerator": 3,
    "denominator": 10,
    "rate": 0.3,
    "sample_size": 10,
    "wilson_ci_95": {
      "low": 0.10778928748621183,
      "high": 0.6032267800204347,
      "level": 0.95
    }
  },
  "earned_support_rate": {
    "numerator": 0,
    "denominator": 10,
    "rate": 0.0,
    "sample_size": 10,
    "wilson_ci_95": {
      "low": 0.0,
      "high": 0.2775401687666166,
      "level": 0.95
    }
  },
  "accuracy_score": {
    "score": 0.5,
    "correct_count": 1,
    "partially_correct_count": 1,
    "verifiable_claim_count": 3
  },
  "question_coverage": {
    "numerator": 4,
    "denominator": 10,
    "rate": 0.4,
    "sample_size": 10,
    "wilson_ci_95": {
      "low": 0.16817758120350967,
      "high": 0.6873304525498135,
      "level": 0.95
    }
  }
}
